horse_id,color,age,trainer,trainer_id,aimag,sum,rider_name,rider_age,aimgiin_airag,ulsiin_airag,aimgiin_turuu,ulsiin_turuu,racing_group,total_achievement
М001,Хайрга,2,"Очир пүрэв",Т001,Увс,Наранбулаг,"Цэцэг Сайхан",6,2,2,1,0,Даага,5
М002,Саарал,2,"Ганбат туяа",Т002,Булган,Хишиг-Өндөр,"Болор Дэлгэр",11,1,1,0,0,Даага,2
М003,Хар,2,"Гэсэр цэрэн",Т003,Төв,Баймант,"Цогт Амгалан",9,1,0,0,0,Даага,1
М004,Хээр,2,"Мөнгөн пүрэв",Т004,Завхан,Дөрвөлжин,"Туяа Цэцэг",9,0,2,0,0,Даага,2
М005,Хар,2,"Болд пүрэв",Т005,Дархан-Уул,Орхон,"Номин Цогт",9,4,2,0,1,Даага,7
М006,Будагтай,2,"Дорж пүрэв",Т006,Хөвсгөл,Их-Уул,"Туяа Зориг",12,1,1,0,0,Даага,2
М007,Зээрд,2,"Бат цэцэг",Т007,Ховд,Мянгад,"Чимэг Дэлгэр",7,1,1,1,0,Даага,3
М008,Хул,2,"Хасар сүрэн",Т008,Говь-Алтай,Алтай,"Ананд Жаргал",7,2,2,1,0,Даага,5
М009,Хайрга,2,"Субэдэй зориг",Т009,Баян-Өлгий,Сагсай,"Наран Болор",9,2,1,1,0,Даага,4
М010,Будагтай,2,"Энх жаргал",Т010,Говь-Алтай,Алтай,"Наран Сайхан",9,1,1,2,1,Даага,5
М011,Бор,2,"Мөнх мөнгөн",Т011,Архангай,Эрдэнэбулган,"Номин Номин",10,1,1,0,0,Даага,2
М012,Хайрга,2,"Ганхуяг зориг",Т012,Увс,Наранбулаг,"Болор Баяр",11,2,1,1,0,Даага,4
М013,Цагаан,2,"Номин дорж",Т013,Төв,Жавхлант,"Очир Баяр",6,1,0,0,0,Даага,1
М014,"Хар хээр",2,"Цэрэн тогтох",Т014,Улаанбаатар,Сүхбаатар,"Мөнгөн Зориг",7,0,1,0,0,Даага,1
М015,Хээр,2,"Сэргэлэн цогт",Т015,Дорноговь,Алтангадас,"Ананд Гэрэл",12,2,1,1,1,Даага,5
М016,Цагаан,2,"Сүрэн баяр",Т016,Төв,Батсүмбэр,"Алтан Мөнх",11,1,1,0,1,Даага,3
М017,Улаан,2,"Цогт туяа",Т017,Говьсүмбэр,Сүмбэр,"Туяа Болор",11,1,0,0,0,Даага,1
М018,"Хар хээр",2,"Номин сайхан",Т018,Баянхонгор,Хүрээмарал,"Дэлгэр Гэрэл",9,0,1,1,0,Даага,2
М019,Будагтай,2,"Гэсэр нарьт",Т019,Дорнод,Цагаан-Овоо,"Цогт Од",11,5,2,0,0,Даага,7
М020,"Саарал хээр",2,"Энх мөнгөн",Т020,Завхан,Нөмрөг,"Цогт Жаргал",10,2,0,0,0,Даага,2
М021,Балчир,2,"Ганбат мөнгөн",Т021,Дорноговь,Алтангадас,"Мөнгөн Дэлгэр",12,4,3,1,1,Даага,9
М022,Зээрд,2,"Бат цогт",Т022,Өмнөговь,Баян-Овоо,"Гэрэл Гэрэл",11,2,1,1,0,Даага,4
М023,Бор,2,"Сүрэн пүрэв",Т023,Сэлэнгэ,Сайхан,"Мөнгөн Туяа",9,1,0,1,0,Даага,2
М024,"Саарал хээр",2,"Цогт цэцэг",Т024,Баянхонгор,Өлзийт,"Зориг Баяр",9,3,0,0,0,Даага,3
М025,"Хар хээр",2,"Мөнх гэрэл",Т025,Орхон,Бэрх,"Болор Номин",8,0,1,1,0,Даага,2
М026,Халиун,2,"Субэдэй баяр",Т026,Дорноговь,Дэлгэрэх,"Очир Болор",7,1,1,1,0,Даага,3
М027,Хар,2,"Мөнгөн дорж",Т027,Орхон,Бэрх,"Гэрэл Мөнх",6,3,0,1,1,Даага,5
М028,Хайрга,2,"Жэбэ цэрэн",Т028,Өвөрхангай,Арвайхээр,"Од Гэрэл",12,3,1,1,1,Даага,6
М029,Шарга,2,"Гэсэр алтан",Т029,Улаанбаатар,Чингэлтэй,"Мөнгөн Жаргал",12,1,0,1,0,Даага,2
М030,Хүрэн,2,"Хасар цогт",Т030,Баянхонгор,Өлзийт,"Наран Туяа",11,2,0,1,0,Даага,3
М031,"Саарал хээр",2,"Мөнх нарьт",Т031,Говьсүмбэр,Чойр,"Тэмүүжин Амгалан",8,0,0,0,0,Даага,0
М032,Сувдан,2,"Лхагва алтан",Т032,Архангай,Тариат,"Пүрэв Од",11,0,0,1,0,Даага,1
М033,Хүрэн,2,"Жэбэ сүрэн",Т033,Сүхбаатар,Асгат,"Сар Дэлгэр",12,2,1,1,0,Даага,4
М034,"Шар хээр",2,"Энх зориг",Т034,Дорноговь,Мандах,"Алтан Болор",12,1,1,0,0,Даага,2
М035,"Шар хээр",2,"Цэвэн эрдэнэ",Т035,Улаанбаатар,Сонгинохайрхан,"Жаргал Гэрэл",8,0,1,1,0,Даага,2
М036,Саарал,2,"Тэмүүжин цэрэн",Т036,Дорноговь,Сайншанд,"Цогт Од",6,1,0,1,0,Даага,2
М037,"Шар хээр",2,"Дорж мөнх",Т037,Хөвсгөл,Тариалан,"Цэцэг Цэцэг",6,2,0,0,0,Даага,2
М038,Саарал,2,"Ганхуяг сүрэн",Т038,Сүхбаатар,Баяндэлгэр,"Мөнгөн Баяр",6,3,0,0,0,Даага,3
М039,"Шар хээр",2,"Цогт баатар",Т039,Завхан,Алдархаан,"Очир Цогт",11,5,1,0,1,Даага,7
М040,"Хар хээр",2,"Жаргал энх",Т040,Дундговь,Адаацаг,"Пүрэв Энх",12,2,1,1,0,Даага,4
М041,Хул,2,"Тэмүүжин алтан",Т041,Булган,Булган,"Энх Гэрэл",8,3,3,0,0,Даага,6
М042,Хар,2,"Болд баатар",Т042,Дархан-Уул,Дархан,"Эрдэнэ Жаргал",12,2,2,0,1,Даага,5
М043,Зээрд,2,"Баяр туяа",Т043,Баянхонгор,Баянхонгор,"Баяр Баяр",10,1,0,1,0,Даага,2
М044,Хул,2,"Алтан дорж",Т044,Өмнөговь,Ханбогд,"Цэцэг Баяр",8,1,0,0,0,Даага,1
М045,Улаан,2,"Цэрэн сайхан",Т045,Булган,Сэлэнгэ,"Сар Баяр",12,1,2,1,1,Даага,5
М046,"Хар хээр",2,"Мөнгөн очир",Т046,Дархан-Уул,"Шарын гол","Номин Жаргал",7,0,0,1,0,Даага,1
М047,Саарал,2,"Баяр зориг",Т047,Баян-Өлгий,Өлгий,"Зориг Болор",7,0,0,1,0,Даага,1
М048,"Цагаан хээр",2,"Номин очир",Т048,Баян-Өлгий,Сагсай,"Цэцэг Туяа",8,1,1,0,0,Даага,2
М049,"Цагаан хээр",2,"Эрдэнэ зориг",Т049,Хөвсгөл,Их-Уул,"Пүрэв Чимэг",10,0,0,1,0,Даага,1
М050,Улаан,2,"Очир тогтох",Т050,Завхан,Улиастай,"Мөнгөн Од",7,3,1,2,0,Даага,6
М051,Хүрэн,3,"Очир пүрэв",Т001,Увс,Сагил,"Ананд Од",8,3,0,1,0,Шүдлэн,4
М052,Хүрэн,3,"Ганбат туяа",Т002,Өмнөговь,Гурвантэс,"Ананд Гэрэл",7,1,0,1,0,Шүдлэн,2
М053,Хайрга,3,"Гэсэр цэрэн",Т003,Дундговь,Мандалговь,"Гэрэл Дэлгэр",7,0,0,0,0,Шүдлэн,0
М054,Балчир,3,"Мөнгөн пүрэв",Т004,Өвөрхангай,Гучин-Ус,"Гэрэл Баяр",10,2,1,1,0,Шүдлэн,4
М055,Сувдан,3,"Болд пүрэв",Т005,Улаанбаатар,Чингэлтэй,"Дэлгэр Зориг",7,3,3,0,0,Шүдлэн,6
М056,Хар,3,"Дорж пүрэв",Т006,Улаанбаатар,Багахангай,"Эрдэнэ Амгалан",7,2,1,0,0,Шүдлэн,3
М057,Хонгор,3,"Бат цэцэг",Т007,Сэлэнгэ,Сүхбаатар,"Од Номин",12,0,1,0,0,Шүдлэн,1
М058,"Шар хээр",3,"Хасар сүрэн",Т008,Баян-Өлгий,Толбо,"Цэцэг Зориг",6,1,2,2,1,Шүдлэн,6
М059,Саарал,3,"Субэдэй зориг",Т009,Сэлэнгэ,Баруунбүрэн,"Цогт Амгалан",9,2,2,1,1,Шүдлэн,6
М060,Саарал,3,"Энх жаргал",Т010,Дархан-Уул,Хонгор,"Од Чимэг",10,4,1,1,0,Шүдлэн,6
М061,"Цагаан хээр",3,"Мөнх мөнгөн",Т011,Увс,Зүүнговь,"Зориг Дэлгэр",7,0,0,1,0,Шүдлэн,1
М062,Хар,3,"Ганхуяг зориг",Т012,Увс,Зүүнговь,"Сар Амгалан",10,2,1,1,0,Шүдлэн,4
М063,"Саарал хээр",3,"Номин дорж",Т013,Өмнөговь,Сэврэй,"Тэмүүжин Дэлгэр",10,1,0,0,0,Шүдлэн,1
М064,Халиун,3,"Цэрэн тогтох",Т014,Говьсүмбэр,Шивээговь,"Номин Од",12,2,1,1,0,Шүдлэн,4
М065,Хонгор,3,"Сэргэлэн цогт",Т015,Сэлэнгэ,Жавхлант,"Дэлгэр Номин",8,1,1,1,1,Шүдлэн,4
М066,"Саарал хээр",3,"Сүрэн баяр",Т016,Өмнөговь,Хурмэн,"Жаргал Туяа",8,3,0,1,0,Шүдлэн,4
М067,Балчир,3,"Цогт туяа",Т017,Улаанбаатар,Багануур,"Энх Гэрэл",12,2,0,1,0,Шүдлэн,3
М068,Зээрд,3,"Номин сайхан",Т018,Баянхонгор,Хүрээмарал,"Очир Жаргал",6,2,1,1,0,Шүдлэн,4
М069,Цагаан,3,"Гэсэр нарьт",Т019,Сэлэнгэ,Алтанбулаг,"Эрдэнэ Баяр",12,4,3,1,0,Шүдлэн,8
М070,"Саарал хээр",3,"Энх мөнгөн",Т020,Улаанбаатар,Чингэлтэй,"Дэлгэр Жаргал",7,1,1,1,0,Шүдлэн,3
М071,Саарал,3,"Ганбат мөнгөн",Т021,Булган,Хутаг-Өндөр,"Болор Сайхан",12,2,2,1,1,Шүдлэн,6
М072,"Цагаан хээр",3,"Бат цогт",Т022,Завхан,Нөмрөг,"Бат Дэлгэр",10,0,1,0,0,Шүдлэн,1
М073,Балчир,3,"Сүрэн пүрэв",Т023,Дорнод,Хөлөнбуйр,"Мөнх Цогт",8,2,1,0,0,Шүдлэн,3
М074,Шарга,3,"Цогт цэцэг",Т024,Дорнод,Цагаан-Овоо,"Эрдэнэ Туяа",9,1,0,0,1,Шүдлэн,2
М075,Будагтай,3,"Мөнх гэрэл",Т025,Увс,Давст,"Цэцэг Дэлгэр",12,0,0,0,0,Шүдлэн,0
М076,Хээр,3,"Субэдэй баяр",Т026,Орхон,Эрдэнэт,"Од Цэцэг",12,2,1,0,0,Шүдлэн,3
М077,"Хар хээр",3,"Мөнгөн дорж",Т027,Өмнөговь,Ноён,"Очир Болор",11,2,2,1,1,Шүдлэн,6
М078,Сувдан,3,"Жэбэ цэрэн",Т028,Архангай,Өгийнуур,"Цогт Болор",12,2,1,0,0,Шүдлэн,3
М079,Улаан,3,"Гэсэр алтан",Т029,Сүхбаатар,Халзан,"Туяа Сайхан",6,1,1,0,0,Шүдлэн,2
М080,Хайрга,3,"Хасар цогт",Т030,Өвөрхангай,Тариат,"Энх Номин",8,1,0,1,0,Шүдлэн,2
М081,Хайрга,3,"Мөнх нарьт",Т031,Говьсүмбэр,Шивээговь,"Сар Зориг",9,2,0,0,0,Шүдлэн,2
М082,Хүрэн,3,"Лхагва алтан",Т032,Дундговь,Дэлгэрцогт,"Энх Амгалан",8,1,1,1,0,Шүдлэн,3
М083,Хүрэн,3,"Жэбэ сүрэн",Т033,Дархан-Уул,"Шарын гол","Туяа Дэлгэр",7,2,1,1,0,Шүдлэн,4
М084,Хайрга,3,"Энх зориг",Т034,Дорнод,Халхгол,"Цэцэг Зориг",9,2,1,1,0,Шүдлэн,4
М085,Хар,3,"Цэвэн эрдэнэ",Т035,Өвөрхангай,Хархорин,"Мөнх Туяа",7,1,0,1,0,Шүдлэн,2
М086,Хайрга,3,"Тэмүүжин цэрэн",Т036,Орхон,Эрдэнэт,"Болор Энх",8,1,0,0,0,Шүдлэн,1
М087,Халиун,3,"Дорж мөнх",Т037,Говьсүмбэр,Сүмбэр,"Алтан Туяа",7,0,1,1,0,Шүдлэн,2
М088,Хайрга,3,"Ганхуяг сүрэн",Т038,Дархан-Уул,Дархан,"Гэрэл Жаргал",11,1,1,1,1,Шүдлэн,4
М089,Хар,3,"Цогт баатар",Т039,Булган,Могод,"Чимэг Од",12,4,1,1,0,Шүдлэн,6
М090,Бор,3,"Жаргал энх",Т040,Сэлэнгэ,Сайхан,"Бат Туяа",7,0,0,1,0,Шүдлэн,1
М091,Хул,3,"Тэмүүжин алтан",Т041,Завхан,Отгон,"Туяа Зориг",6,5,3,0,0,Шүдлэн,8
М092,Шарга,3,"Болд баатар",Т042,Дорнод,Матад,"Зориг Баяр",9,2,0,1,0,Шүдлэн,3
М093,Хүрэн,3,"Баяр туяа",Т043,Ховд,Дуут,"Энх Зориг",8,1,1,0,0,Шүдлэн,2
М094,Бор,3,"Алтан дорж",Т044,Дорнод,Гурвангзагал,"Цэцэг Зориг",10,1,1,0,0,Шүдлэн,2
М095,Хүрэн,3,"Цэрэн сайхан",Т045,Говь-Алтай,Есөнбулаг,"Чимэг Номин",12,2,1,0,0,Шүдлэн,3
М096,Бор,3,"Мөнгөн очир",Т046,Дорноговь,Өргөн,"Очир Мөнх",11,0,1,0,0,Шүдлэн,1
М097,Хүрэн,3,"Баяр зориг",Т047,Хөвсгөл,Тариалан,"Номин Чимэг",11,1,2,0,0,Шүдлэн,3
М098,Шарга,3,"Номин очир",Т048,Хөвсгөл,Алаг-Эрдэнэ,"Очир Сайхан",7,2,1,0,0,Шүдлэн,3
М099,"Цагаан хээр",3,"Эрдэнэ зориг",Т049,Дорнод,Хөлөнбуйр,"Энх Баяр",9,0,1,0,0,Шүдлэн,1
М100,Сувдан,3,"Очир тогтох",Т050,Улаанбаатар,Баянзүрх,"Чимэг Цэцэг",8,2,3,1,1,Шүдлэн,7
М101,"Цагаан хээр",4,"Очир пүрэв",Т001,Хөвсгөл,Алаг-Эрдэнэ,"Мөнх Сайхан",6,0,2,1,0,Хязаалан,3
М102,"Саарал хээр",4,"Ганбат туяа",Т002,Дорноговь,Сайншанд,"Мөнх Од",8,2,1,0,0,Хязаалан,3
М103,Сувдан,4,"Гэсэр цэрэн",Т003,Дундговь,Цагаандэлгэр,"Дэлгэр Номин",6,0,0,0,0,Хязаалан,0
М104,Хүрэн,4,"Мөнгөн пүрэв",Т004,Хөвсгөл,Рашаант,"Дэлгэр Цэцэг",8,1,1,0,0,Хязаалан,2
М105,Саарал,4,"Болд пүрэв",Т005,Баян-Өлгий,Өлгий,"Туяа Жаргал",11,1,1,0,1,Хязаалан,3
М106,Сувдан,4,"Дорж пүрэв",Т006,Баянхонгор,Шинэжинст,"Гэрэл Чимэг",8,2,1,0,0,Хязаалан,3
М107,Хүрэн,4,"Бат цэцэг",Т007,Орхон,Эрдэнэт,"Сар Жаргал",11,2,0,1,0,Хязаалан,3
М108,Будагтай,4,"Хасар сүрэн",Т008,Сүхбаатар,Баруун-Урт,"Зориг Баяр",6,2,2,2,0,Хязаалан,6
М109,Шарга,4,"Субэдэй зориг",Т009,Архангай,Өлзийт,"Эрдэнэ Гэрэл",7,2,1,2,1,Хязаалан,6
М110,Балчир,4,"Энх жаргал",Т010,Баянхонгор,Өлзийт,"Пүрэв Гэрэл",10,3,0,0,0,Хязаалан,3
М111,Улаан,4,"Мөнх мөнгөн",Т011,Улаанбаатар,Баянгол,"Алтан Номин",9,3,0,1,1,Хязаалан,5
М112,Шарга,4,"Ганхуяг зориг",Т012,Дархан-Уул,"Шарын гол","Очир Сайхан",8,0,0,0,0,Хязаалан,0
М113,"Шар хээр",4,"Номин дорж",Т013,Төв,Зуунмод,"Туяа Жаргал",11,1,1,0,0,Хязаалан,2
М114,Хайрга,4,"Цэрэн тогтох",Т014,Баянхонгор,Хүрээмарал,"Энх Энх",6,2,1,1,0,Хязаалан,4
М115,Сувдан,4,"Сэргэлэн цогт",Т015,Увс,Ховд,"Алтан Энх",6,0,1,0,1,Хязаалан,2
М116,Балчир,4,"Сүрэн баяр",Т016,Дорнод,Цагаан-Овоо,"Туяа Мөнх",12,1,0,1,0,Хязаалан,2
М117,Саарал,4,"Цогт туяа",Т017,Өмнөговь,Сэврэй,"Пүрэв Амгалан",12,2,0,1,0,Хязаалан,3
М118,Будагтай,4,"Номин сайхан",Т018,Булган,Орхон,"Мөнгөн Чимэг",10,2,0,0,0,Хязаалан,2
М119,Хээр,4,"Гэсэр нарьт",Т019,Ховд,Мөнххайрхан,"Тэмүүжин Болор",6,2,1,2,1,Хязаалан,6
М120,Хул,4,"Энх мөнгөн",Т020,Улаанбаатар,Налайх,"Зориг Жаргал",9,1,0,0,0,Хязаалан,1
М121,"Шар хээр",4,"Ганбат мөнгөн",Т021,Ховд,Ховд,"Цэцэг Гэрэл",12,1,0,0,1,Хязаалан,2
М122,Хул,4,"Бат цогт",Т022,Орхон,Эрдэнэт,"Наран Жаргал",8,2,0,1,0,Хязаалан,3
М123,Будагтай,4,"Сүрэн пүрэв",Т023,Өвөрхангай,Нарийнтээл,"Баяр Дэлгэр",10,2,1,1,0,Хязаалан,4
М124,Хээр,4,"Цогт цэцэг",Т024,Сэлэнгэ,Хүдэр,"Тэмүүжин Болор",11,3,1,0,1,Хязаалан,5
М125,Саарал,4,"Мөнх гэрэл",Т025,Өмнөговь,Хурмэн,"Энх Од",7,0,0,0,0,Хязаалан,0
М126,Хул,4,"Субэдэй баяр",Т026,Ховд,Буянт,"Дэлгэр Цогт",12,2,1,1,0,Хязаалан,4
М127,Хүрэн,4,"Мөнгөн дорж",Т027,Сэлэнгэ,Сайхан,"Алтан Дэлгэр",9,2,1,0,0,Хязаалан,3
М128,"Саарал хээр",4,"Жэбэ цэрэн",Т028,Дархан-Уул,Орхон,"Мөнгөн Амгалан",12,3,1,1,1,Хязаалан,6
М129,"Шар хээр",4,"Гэсэр алтан",Т029,Сэлэнгэ,Сүхбаатар,"Баяр Дэлгэр",8,0,1,0,0,Хязаалан,1
М130,Халиун,4,"Хасар цогт",Т030,Увс,Өмнөговь,"Мөнгөн Цэцэг",12,2,0,1,0,Хязаалан,3
М131,Хар,4,"Мөнх нарьт",Т031,Төв,Баян,"Наран Жаргал",10,0,1,0,0,Хязаалан,1
М132,Халиун,4,"Лхагва алтан",Т032,Улаанбаатар,Баянгол,"Бат Жаргал",10,1,1,1,0,Хязаалан,3
М133,Будагтай,4,"Жэбэ сүрэн",Т033,Төв,Эрдэнэ,"Зориг Болор",7,1,1,1,0,Хязаалан,3
М134,Будагтай,4,"Энх зориг",Т034,Увс,Өмнөговь,"Жаргал Дэлгэр",7,2,0,0,0,Хязаалан,2
М135,Балчир,4,"Цэвэн эрдэнэ",Т035,Сүхбаатар,Сүхбаатар,"Цэцэг Туяа",8,0,1,0,0,Хязаалан,1
М136,Хонгор,4,"Тэмүүжин цэрэн",Т036,Улаанбаатар,Багахангай,"Алтан Номин",7,0,0,1,0,Хязаалан,1
М137,Сувдан,4,"Дорж мөнх",Т037,Сэлэнгэ,Цагааннуур,"Баяр Туяа",7,0,0,0,0,Хязаалан,0
М138,Хул,4,"Ганхуяг сүрэн",Т038,Ховд,Ховд,"Энх Сайхан",9,0,2,0,1,Хязаалан,3
М139,Хар,4,"Цогт баатар",Т039,Завхан,Алдархаан,"Наран Гэрэл",6,4,0,1,1,Хязаалан,6
М140,Хар,4,"Жаргал энх",Т040,Дорноговь,Дэлгэрэх,"Жаргал Зориг",7,0,1,1,0,Хязаалан,2
М141,Зээрд,4,"Тэмүүжин алтан",Т041,Дорнод,Гурвангзагал,"Мөнх Зориг",7,5,3,0,1,Хязаалан,9
М142,"Хар хээр",4,"Болд баатар",Т042,Дархан-Уул,Хонгор,"Зориг Цэцэг",12,2,2,1,1,Хязаалан,6
М143,Цагаан,4,"Баяр туяа",Т043,Сэлэнгэ,Сүхбаатар,"Цэцэг Амгалан",12,0,1,1,0,Хязаалан,2
М144,Цагаан,4,"Алтан дорж",Т044,Дархан-Уул,"Шарын гол","Наран Чимэг",7,2,1,1,0,Хязаалан,4
М145,Хонгор,4,"Цэрэн сайхан",Т045,Сэлэнгэ,Сүхбаатар,"Мөнх Энх",11,1,2,1,0,Хязаалан,4
М146,"Саарал хээр",4,"Мөнгөн очир",Т046,Завхан,Идэр,"Энх Цэцэг",10,1,0,0,0,Хязаалан,1
М147,Балчир,4,"Баяр зориг",Т047,Дорноговь,Мандах,"Номин Цогт",7,0,0,1,0,Хязаалан,1
М148,Балчир,4,"Номин очир",Т048,Завхан,Асгат,"Эрдэнэ Дэлгэр",7,1,1,1,0,Хязаалан,3
М149,Хул,4,"Эрдэнэ зориг",Т049,Булган,Орхон,"Пүрэв Энх",7,1,1,1,0,Хязаалан,3
М150,Балчир,4,"Очир тогтох",Т050,Булган,Могод,"Цэцэг Сайхан",7,1,1,0,1,Хязаалан,3
М151,Хээр,5,"Очир пүрэв",Т001,Дархан-Уул,Хонгор,"Алтан Чимэг",12,0,1,0,0,Соёолон,1
М152,Хонгор,5,"Ганбат туяа",Т002,Увс,Малчин,"Наран Баяр",10,0,1,1,0,Соёолон,2
М153,Бор,5,"Гэсэр цэрэн",Т003,Орхон,Бэрх,"Од Чимэг",9,0,1,0,0,Соёолон,1
М154,Зээрд,5,"Мөнгөн пүрэв",Т004,Өвөрхангай,Нарийнтээл,"Цогт Амгалан",10,2,1,1,0,Соёолон,4
М155,Балчир,5,"Болд пүрэв",Т005,Баянхонгор,Хүрээмарал,"Энх Гэрэл",6,5,2,1,1,Соёолон,9
М156,"Шар хээр",5,"Дорж пүрэв",Т006,Өмнөговь,Ноён,"Туяа Цэцэг",11,2,0,1,0,Соёолон,3
М157,Хүрэн,5,"Бат цэцэг",Т007,Орхон,Жавхлант,"Эрдэнэ Цогт",7,0,0,0,0,Соёолон,0
М158,"Хар хээр",5,"Хасар сүрэн",Т008,Хөвсгөл,Булган,"Цэцэг Амгалан",12,2,1,2,0,Соёолон,5
М159,Зээрд,5,"Субэдэй зориг",Т009,Өвөрхангай,Нарийнтээл,"Мөнх Цогт",6,3,3,2,1,Соёолон,9
М160,Саарал,5,"Энх жаргал",Т010,Говьсүмбэр,Баянтал,"Баяр Сайхан",11,5,2,0,0,Соёолон,7
М161,"Саарал хээр",5,"Мөнх мөнгөн",Т011,Өвөрхангай,Нарийнтээл,"Цэцэг Мөнх",6,3,2,0,0,Соёолон,5
М162,"Хар хээр",5,"Ганхуяг зориг",Т012,Булган,Хутаг-Өндөр,"Алтан Туяа",6,0,0,0,0,Соёолон,0
М163,"Хар хээр",5,"Номин дорж",Т013,Баян-Өлгий,Буянт,"Болор Болор",7,0,0,1,0,Соёолон,1
М164,Хайрга,5,"Цэрэн тогтох",Т014,Сэлэнгэ,Сайхан,"Пүрэв Мөнх",9,2,1,0,0,Соёолон,3
М165,Хонгор,5,"Сэргэлэн цогт",Т015,Сүхбаатар,Халзан,"Од Туяа",9,0,2,1,1,Соёолон,4
М166,Хул,5,"Сүрэн баяр",Т016,Сүхбаатар,Дарьганга,"Жаргал Энх",11,2,2,1,1,Соёолон,6
М167,Халиун,5,"Цогт туяа",Т017,Дорноговь,Сайншанд,"Алтан Жаргал",7,0,0,0,0,Соёолон,0
М168,Улаан,5,"Номин сайхан",Т018,Завхан,Дөрвөлжин,"Цэцэг Цэцэг",12,2,0,0,0,Соёолон,2
М169,Саарал,5,"Гэсэр нарьт",Т019,Дархан-Уул,Орхон,"Пүрэв Мөнх",6,2,1,1,0,Соёолон,4
М170,"Цагаан хээр",5,"Энх мөнгөн",Т020,Дорноговь,Замын-Үүд,"Наран Жаргал",8,2,1,0,0,Соёолон,3
М171,Улаан,5,"Ганбат мөнгөн",Т021,Баян-Өлгий,Деедэс,"Чимэг Чимэг",11,4,3,2,0,Соёолон,9
М172,Хар,5,"Бат цогт",Т022,Өвөрхангай,Хархорин,"Цогт Дэлгэр",9,0,1,0,0,Соёолон,1
М173,Балчир,5,"Сүрэн пүрэв",Т023,Дархан-Уул,Хонгор,"Сар Туяа",11,2,1,1,0,Соёолон,4
М174,Улаан,5,"Цогт цэцэг",Т024,Архангай,Батцэнгэл,"Цогт Сайхан",9,3,2,1,0,Соёолон,6
М175,Бор,5,"Мөнх гэрэл",Т025,Хөвсгөл,Мөрөн,"Ананд Чимэг",10,0,0,0,0,Соёолон,0
М176,Бор,5,"Субэдэй баяр",Т026,Архангай,Өгийнуур,"Тэмүүжин Баяр",8,0,0,0,0,Соёолон,0
М177,Балчир,5,"Мөнгөн дорж",Т027,Өмнөговь,Ноён,"Баяр Амгалан",8,2,0,1,1,Соёолон,4
М178,Халиун,5,"Жэбэ цэрэн",Т028,Дорнод,Цагаан-Овоо,"Эрдэнэ Болор",9,0,2,0,0,Соёолон,2
М179,Хайрга,5,"Гэсэр алтан",Т029,Говь-Алтай,Есөнбулаг,"Гэрэл Од",9,0,0,0,0,Соёолон,0
М180,"Шар хээр",5,"Хасар цогт",Т030,Төв,Борнуур,"Дэлгэр Мөнх",12,0,1,1,0,Соёолон,2
М181,"Хар хээр",5,"Мөнх нарьт",Т031,Баян-Өлгий,Деедэс,"Тэмүүжин Болор",8,0,1,1,0,Соёолон,2
М182,Хонгор,5,"Лхагва алтан",Т032,Улаанбаатар,Налайх,"Баяр Сайхан",12,2,1,0,0,Соёолон,3
М183,"Саарал хээр",5,"Жэбэ сүрэн",Т033,Ховд,Буянт,"Бат Туяа",11,0,0,0,0,Соёолон,0
М184,Хонгор,5,"Энх зориг",Т034,Хөвсгөл,Төмөрбулаг,"Цогт Болор",10,0,0,0,0,Соёолон,0
М185,Хүрэн,5,"Цэвэн эрдэнэ",Т035,Өвөрхангай,Нарийнтээл,"Энх Мөнх",8,0,0,0,0,Соёолон,0
М186,Хул,5,"Тэмүүжин цэрэн",Т036,Хөвсгөл,Алаг-Эрдэнэ,"Наран Номин",6,2,0,0,0,Соёолон,2
М187,Бор,5,"Дорж мөнх",Т037,Хөвсгөл,Төмөрбулаг,"Мөнх Чимэг",11,2,1,1,0,Соёолон,4
М188,Будагтай,5,"Ганхуяг сүрэн",Т038,Архангай,Эрдэнэбулган,"Очир Цэцэг",9,1,2,1,0,Соёолон,4
М189,Цагаан,5,"Цогт баатар",Т039,Булган,Могод,"Мөнх Сайхан",6,1,1,1,1,Соёолон,4
М190,"Саарал хээр",5,"Жаргал энх",Т040,Архангай,Эрдэнэбулган,"Болор Од",10,0,1,0,0,Соёолон,1
М191,Хүрэн,5,"Тэмүүжин алтан",Т041,Архангай,Хашаат,"Бат Од",12,5,2,0,1,Соёолон,8
М192,Хонгор,5,"Болд баатар",Т042,Дархан-Уул,Дархан,"Эрдэнэ Жаргал",11,0,2,0,0,Соёолон,2
М193,"Саарал хээр",5,"Баяр туяа",Т043,Увс,Зүүнговь,"Очир Дэлгэр",10,0,0,1,0,Соёолон,1
М194,Саарал,5,"Алтан дорж",Т044,Булган,Могод,"Дэлгэр Цогт",11,2,0,0,0,Соёолон,2
М195,Сувдан,5,"Цэрэн сайхан",Т045,Хөвсгөл,Их-Уул,"Очир Дэлгэр",10,3,1,0,0,Соёолон,4
М196,Хайрга,5,"Мөнгөн очир",Т046,Улаанбаатар,Хан-Уул,"Тэмүүжин Сайхан",11,1,1,1,0,Соёолон,3
М197,"Саарал хээр",5,"Баяр зориг",Т047,Улаанбаатар,Сонгинохайрхан,"Цогт Цэцэг",7,1,0,0,0,Соёолон,1
М198,Хул,5,"Номин очир",Т048,Хөвсгөл,Тариалан,"Бат Чимэг",12,1,0,1,0,Соёолон,2
М199,"Саарал хээр",5,"Эрдэнэ зориг",Т049,Говьсүмбэр,Чойр,"Ананд Баяр",7,2,0,0,0,Соёолон,2
М200,Хээр,5,"Очир тогтох",Т050,Дорноговь,Алтангадас,"Зориг Туяа",6,5,3,2,0,Соёолон,10
М201,Хайрга,6,"Очир пүрэв",Т001,Баянхонгор,Баянцагаан,"Эрдэнэ Мөнх",6,4,1,2,1,"Их нас",8
М202,Улаан,6,"Ганбат туяа",Т002,Өмнөговь,Хурмэн,"Алтан Цэцэг",9,2,1,1,0,"Их нас",4
М203,Сувдан,6,"Гэсэр цэрэн",Т003,Баянхонгор,Эрдэнэцогт,"Цогт Туяа",11,2,1,1,0,"Их нас",4
М204,Хайрга,6,"Мөнгөн пүрэв",Т004,Сэлэнгэ,Цагааннуур,"Энх Энх",8,4,2,1,0,"Их нас",7
М205,Балчир,6,"Болд пүрэв",Т005,Булган,Дашинчилэн,"Бат Дэлгэр",12,4,3,1,0,"Их нас",8
М206,Шарга,6,"Дорж пүрэв",Т006,Өмнөговь,Мандал-Овоо,"Зориг Дэлгэр",6,4,0,2,0,"Их нас",6
М207,Хээр,6,"Бат цэцэг",Т007,Увс,Давст,"Гэрэл Туяа",8,2,0,0,0,"Их нас",2
М208,Халиун,6,"Хасар сүрэн",Т008,Говьсүмбэр,Чойр,"Номин Болор",8,3,1,0,1,"Их нас",5
М209,Зээрд,6,"Субэдэй зориг",Т009,Ховд,Алтай,"Тэмүүжин Гэрэл",11,3,0,2,1,"Их нас",6
М210,Балчир,6,"Энх жаргал",Т010,Өмнөговь,Ханбогд,"Дэлгэр Туяа",10,6,1,1,1,"Их нас",9
М211,Хүрэн,6,"Мөнх мөнгөн",Т011,Ховд,Алтай,"Ананд Номин",10,1,1,2,0,"Их нас",4
М212,"Хар хээр",6,"Ганхуяг зориг",Т012,Говьсүмбэр,Шивээговь,"Болор Цогт",9,0,1,0,0,"Их нас",1
М213,Саарал,6,"Номин дорж",Т013,Дорнод,Халхгол,"Очир Цэцэг",7,3,1,1,0,"Их нас",5
М214,Улаан,6,"Цэрэн тогтох",Т014,Баянхонгор,Хүрээмарал,"Туяа Цогт",12,3,0,1,0,"Их нас",4
М215,"Саарал хээр",6,"Сэргэлэн цогт",Т015,Говь-Алтай,Шарга,"Туяа Зориг",10,2,1,1,0,"Их нас",4
М216,"Шар хээр",6,"Сүрэн баяр",Т016,Архангай,Эрдэнэбулган,"Гэрэл Энх",9,3,1,2,1,"Их нас",7
М217,Бор,6,"Цогт туяа",Т017,Булган,Могод,"Номин Сайхан",9,0,0,1,0,"Их нас",1
М218,Сувдан,6,"Номин сайхан",Т018,Архангай,Хашаат,"Од Болор",6,1,0,1,0,"Их нас",2
М219,Халиун,6,"Гэсэр нарьт",Т019,Баянхонгор,Хүрээмарал,"Номин Гэрэл",9,4,1,2,0,"Их нас",7
М220,Хар,6,"Энх мөнгөн",Т020,Хөвсгөл,Жаргалант,"Ананд Цэцэг",11,1,1,0,0,"Их нас",2
М221,Хул,6,"Ганбат мөнгөн",Т021,Төв,Алтанбулаг,"Пүрэв Од",12,5,0,0,0,"Их нас",5
М222,Бор,6,"Бат цогт",Т022,Өмнөговь,Гурвантэс,"Цэцэг Од",8,2,1,0,0,"Их нас",3
М223,Сувдан,6,"Сүрэн пүрэв",Т023,Завхан,Идэр,"Ананд Болор",10,2,1,1,0,"Их нас",4
М224,"Саарал хээр",6,"Цогт цэцэг",Т024,Дархан-Уул,"Шарын гол","Алтан Дэлгэр",7,2,0,2,0,"Их нас",4
М225,"Саарал хээр",6,"Мөнх гэрэл",Т025,Хөвсгөл,Мөрөн,"Баяр Мөнх",6,1,1,1,0,"Их нас",3
М226,Хайрга,6,"Субэдэй баяр",Т026,Увс,Улаангом,"Пүрэв Номин",12,1,0,2,0,"Их нас",3
М227,Сувдан,6,"Мөнгөн дорж",Т027,Говь-Алтай,Делгэр,"Ананд Цогт",12,2,1,0,1,"Их нас",4
М228,"Цагаан хээр",6,"Жэбэ цэрэн",Т028,Орхон,Бэрх,"Зориг Цэцэг",8,2,2,1,0,"Их нас",5
М229,Цагаан,6,"Гэсэр алтан",Т029,Булган,Орхон,"Чимэг Зориг",10,1,0,1,0,"Их нас",2
М230,"Саарал хээр",6,"Хасар цогт",Т030,Улаанбаатар,Багахангай,"Болор Гэрэл",6,0,1,2,0,"Их нас",3
М231,Саарал,6,"Мөнх нарьт",Т031,Ховд,Дуут,"Цогт Баяр",12,2,1,1,0,"Их нас",4
М232,Хонгор,6,"Лхагва алтан",Т032,Хөвсгөл,Мөрөн,"Цэцэг Номин",9,1,0,1,0,"Их нас",2
М233,Хээр,6,"Жэбэ сүрэн",Т033,Орхон,Бэрх,"Дэлгэр Мөнх",9,3,1,0,0,"Их нас",4
М234,Сувдан,6,"Энх зориг",Т034,Баян-Өлгий,Буянт,"Бат Сайхан",7,4,0,0,0,"Их нас",4
М235,Шарга,6,"Цэвэн эрдэнэ",Т035,Ховд,Ховд,"Дэлгэр Туяа",6,3,1,1,0,"Их нас",5
М236,"Хар хээр",6,"Тэмүүжин цэрэн",Т036,Өмнөговь,Даланзадгад,"Туяа Болор",10,2,0,1,0,"Их нас",3
М237,Халиун,6,"Дорж мөнх",Т037,Дорнод,Чойбалсан,"Пүрэв Энх",9,4,1,2,0,"Их нас",7
М238,Цагаан,6,"Ганхуяг сүрэн",Т038,Хөвсгөл,Мөрөн,"Алтан Болор",10,2,0,2,1,"Их нас",5
М239,Хонгор,6,"Цогт баатар",Т039,Говь-Алтай,Есөнбулаг,"Наран Мөнх",9,3,3,2,1,"Их нас",9
М240,Шарга,6,"Жаргал энх",Т040,Төв,Борнуур,"Жаргал Цогт",10,1,0,1,0,"Их нас",2
М241,Зээрд,6,"Тэмүүжин алтан",Т041,Завхан,Завханмандал,"Мөнгөн Од",11,3,2,0,1,"Их нас",6
М242,Саарал,6,"Болд баатар",Т042,Сэлэнгэ,Сайхан,"Сар Сайхан",6,0,0,0,0,"Их нас",0
М243,Хайрга,6,"Баяр туяа",Т043,Өмнөговь,Даланзадгад,"Зориг Зориг",8,3,1,1,0,"Их нас",5
М244,Зээрд,6,"Алтан дорж",Т044,Орхон,Жавхлант,"Цэцэг Номин",10,2,0,2,0,"Их нас",4
М245,Цагаан,6,"Цэрэн сайхан",Т045,Хөвсгөл,Тариалан,"Очир Од",8,4,1,1,0,"Их нас",6
М246,Сувдан,6,"Мөнгөн очир",Т046,Говьсүмбэр,Сүмбэр,"Чимэг Болор",12,1,0,2,0,"Их нас",3
М247,Халиун,6,"Баяр зориг",Т047,Архангай,Хашаат,"Номин Цогт",7,2,0,0,1,"Их нас",3
М248,Хар,6,"Номин очир",Т048,Дархан-Уул,"Шарын гол","Дэлгэр Зориг",7,4,0,2,0,"Их нас",6
М249,"Хар хээр",6,"Эрдэнэ зориг",Т049,Төв,Батсүмбэр,"Пүрэв Амгалан",6,2,0,1,0,"Их нас",3
М250,Халиун,6,"Очир тогтох",Т050,Ховд,Мянгад,"Наран Амгалан",10,2,3,3,0,"Их нас",8
М251,Халиун,7,"Очир пүрэв",Т001,Улаанбаатар,Сүхбаатар,"Тэмүүжин Болор",8,3,1,1,0,Азрага,5
М252,Бор,7,"Ганбат туяа",Т002,Сэлэнгэ,Сайхан,"Цэцэг Сайхан",7,0,0,0,0,Азрага,0
М253,Хээр,7,"Гэсэр цэрэн",Т003,Баянхонгор,Баянхонгор,"Номин Сайхан",11,1,1,1,0,Азрага,3
М254,Будагтай,10,"Мөнгөн пүрэв",Т004,Ховд,Дарви,"Болор Гэрэл",6,5,0,0,0,Азрага,5
М255,Халиун,9,"Болд пүрэв",Т005,Булган,Хутаг-Өндөр,"Дэлгэр Дэлгэр",7,4,0,2,1,Азрага,7
М256,Халиун,10,"Дорж пүрэв",Т006,Өвөрхангай,Уяанга,"Очир Мөнх",9,2,1,2,0,Азрага,5
М257,Сувдан,7,"Бат цэцэг",Т007,Завхан,Завханмандал,"Чимэг Цэцэг",10,2,0,1,0,Азрага,3
М258,"Хар хээр",8,"Хасар сүрэн",Т008,Ховд,Жаргалант,"Цэцэг Номин",6,5,0,2,0,Азрага,7
М259,Хонгор,10,"Субэдэй зориг",Т009,Баян-Өлгий,Буянт,"Гэрэл Чимэг",9,4,3,1,0,Азрага,8
М260,Зээрд,8,"Энх жаргал",Т010,Төв,Архуст,"Тэмүүжин Болор",11,5,1,2,0,Азрага,8
М261,Балчир,8,"Мөнх мөнгөн",Т011,Ховд,Буянт,"Жаргал Энх",6,3,1,0,1,Азрага,5
М262,Сувдан,10,"Ганхуяг зориг",Т012,Баянхонгор,Хүрээмарал,"Од Гэрэл",10,4,1,1,0,Азрага,6
М263,Хээр,9,"Номин дорж",Т013,Улаанбаатар,Багануур,"Пүрэв Энх",7,2,0,1,0,Азрага,3
М264,Хээр,8,"Цэрэн тогтох",Т014,Архангай,Хангай,"Цогт Сайхан",10,2,0,1,0,Азрага,3
М265,Шарга,8,"Сэргэлэн цогт",Т015,Сүхбаатар,Дарьганга,"Пүрэв Дэлгэр",7,3,1,0,0,Азрага,4
М266,"Саарал хээр",7,"Сүрэн баяр",Т016,Булган,Дашинчилэн,"Пүрэв Чимэг",8,1,2,1,0,Азрага,4
М267,Саарал,10,"Цогт туяа",Т017,Хөвсгөл,Төмөрбулаг,"Баяр Цогт",12,2,1,2,0,Азрага,5
М268,Улаан,8,"Номин сайхан",Т018,Хөвсгөл,Жаргалант,"Баяр Туяа",8,2,1,2,0,Азрага,5
М269,Хайрга,7,"Гэсэр нарьт",Т019,Баянхонгор,Эрдэнэцогт,"Гэрэл Дэлгэр",10,3,1,2,0,Азрага,6
М270,Бор,7,"Энх мөнгөн",Т020,Баян-Өлгий,Өлгий,"Цогт Сайхан",12,1,1,1,0,Азрага,3
М271,"Саарал хээр",7,"Ганбат мөнгөн",Т021,Дорнод,Чойбалсан,"Зориг Чимэг",11,4,1,3,1,Азрага,9
М272,"Шар хээр",7,"Бат цогт",Т022,Дархан-Уул,Хонгор,"Наран Номин",12,1,1,1,0,Азрага,3
М273,Шарга,9,"Сүрэн пүрэв",Т023,Дархан-Уул,"Шарын гол","Тэмүүжин Гэрэл",10,0,0,0,0,Азрага,0
М274,Хээр,7,"Цогт цэцэг",Т024,Дундговь,Өлзийт,"Зориг Цогт",12,2,0,1,1,Азрага,4
М275,Халиун,7,"Мөнх гэрэл",Т025,Дундговь,Дэлгэрцогт,"Пүрэв Зориг",9,3,0,1,0,Азрага,4
М276,Хээр,7,"Субэдэй баяр",Т026,Увс,Түргэн,"Номин Цэцэг",10,2,1,2,0,Азрага,5
М277,Хонгор,7,"Мөнгөн дорж",Т027,Сүхбаатар,Наран,"Зориг Чимэг",7,0,2,1,0,Азрага,3
М278,Сувдан,7,"Жэбэ цэрэн",Т028,Дорноговь,Сайншанд,"Туяа Дэлгэр",9,2,0,0,1,Азрага,3
М279,Хайрга,9,"Гэсэр алтан",Т029,Сэлэнгэ,Мандал,"Очир Баяр",6,0,0,0,0,Азрага,0
М280,"Хар хээр",9,"Хасар цогт",Т030,Сүхбаатар,Дарьганга,"Гэрэл Мөнх",11,4,1,1,0,Азрага,6
М281,"Хар хээр",8,"Мөнх нарьт",Т031,Дорноговь,Замын-Үүд,"Од Зориг",12,4,1,1,0,Азрага,6
М282,Балчир,8,"Лхагва алтан",Т032,Дундговь,Өлзийт,"Чимэг Болор",11,2,0,1,0,Азрага,3
М283,Бор,7,"Жэбэ сүрэн",Т033,Өмнөговь,Ноён,"Бат Жаргал",6,3,0,1,0,Азрага,4
М284,Шарга,8,"Энх зориг",Т034,Баян-Өлгий,Буянт,"Номин Номин",8,3,0,0,0,Азрага,3
М285,Улаан,9,"Цэвэн эрдэнэ",Т035,Архангай,Чулуут,"Ананд Туяа",9,2,0,1,0,Азрага,3
М286,Бор,10,"Тэмүүжин цэрэн",Т036,Өвөрхангай,Гучин-Ус,"Цогт Зориг",8,2,1,1,0,Азрага,4
М287,Улаан,10,"Дорж мөнх",Т037,Өмнөговь,Хурмэн,"Энх Чимэг",6,2,1,2,0,Азрага,5
М288,Хүрэн,9,"Ганхуяг сүрэн",Т038,Дорнод,Цагаан-Овоо,"Пүрэв Чимэг",12,3,1,1,0,Азрага,5
М289,Будагтай,8,"Цогт баатар",Т039,Төв,Борнуур,"Очир Чимэг",11,4,0,2,0,Азрага,6
М290,Халиун,8,"Жаргал энх",Т040,Орхон,Жавхлант,"Дэлгэр Туяа",9,1,1,1,0,Азрага,3
М291,Хул,10,"Тэмүүжин алтан",Т041,Баянхонгор,Галуут,"Алтан Сайхан",12,3,1,3,1,Азрага,8
М292,Хул,9,"Болд баатар",Т042,Хөвсгөл,Алаг-Эрдэнэ,"Жаргал Номин",10,4,2,1,1,Азрага,8
М293,Саарал,10,"Баяр туяа",Т043,Говь-Алтай,Цогт,"Эрдэнэ Цогт",11,2,0,0,0,Азрага,2
М294,Хүрэн,10,"Алтан дорж",Т044,Өмнөговь,Хурмэн,"Болор Жаргал",8,2,1,1,0,Азрага,4
М295,Зээрд,9,"Цэрэн сайхан",Т045,Өмнөговь,Ноён,"Чимэг Цогт",10,2,0,1,1,Азрага,4
М296,"Шар хээр",8,"Мөнгөн очир",Т046,Өмнөговь,Баян-Овоо,"Жаргал Туяа",6,2,1,1,0,Азрага,4
М297,Зээрд,8,"Баяр зориг",Т047,Булган,Могод,"Зориг Зориг",9,3,2,1,0,Азрага,6
М298,Хайрга,10,"Номин очир",Т048,Орхон,Эрдэнэт,"Энх Туяа",12,0,1,0,0,Азрага,1
М299,Хайрга,7,"Эрдэнэ зориг",Т049,Улаанбаатар,Багахангай,"Тэмүүжин Чимэг",9,2,0,1,0,Азрага,3
М300,"Саарал хээр",8,"Очир тогтох",Т050,Завхан,Асгат,"Болор Амгалан",12,4,0,2,0,Азрага,6
